{"metadata":{"asset_id":"7ce16daf-a241-484c-8ad5-0da3593ac9e0","asset_attributes":["notebook"],"name":"Aindree_Capstone","asset_type":"notebook","created_at":"2020-11-29T14:15:59Z","description":"","origin_country":"us","owner_id":"IBMid-5500085WXJ","project_id":"e8dffac5-5073-4e30-9e07-659bd96963a1","size":207,"tags":["notebook"],"usage":{"last_update_time":1606659769193,"last_updated_at":"2020-11-29T14:22:49Z"}},"entity":{"notebook":{"kernel":{"name":"python3","display_name":"Python 3.7","language":"python"},"originates_from":{"type":"blank"},"runtime":{"environment":"conda2py37-e8dffac5-5073-4e30-9e07-659bd96963a1"}}},"attachments":[{"id":"cbfe2e32-4858-4bbf-b96c-12109cd27190","version":2,"asset_type":"notebook","name":"attachment for notebook 7ce16daf-a241-484c-8ad5-0da3593ac9e0","description":"attachment for notebook 7ce16daf-a241-484c-8ad5-0da3593ac9e0","mime":"application/json","datasource_type":"193a97c1-4475-4a19-b90c-295c4fdc6517","object_key":"notebook/Aindree_Capstone_5cFznrPkW.ipynb","creator_id":"IBMid-5500085WXJ","create_time":1606659360609,"size":207,"is_remote":false,"is_managed":false,"is_referenced":true,"is_object_key_read_only":false,"is_user_provided_path_key":true,"transfer_complete":true,"is_partitioned":false,"complete_time_ticks":1606659360609,"user_data":{},"test_doc":0,"handle":{"bucket":"ibmdatasciencecapstone-donotdelete-pr-cfvtl0ryeaiyse","location":"eu-geo","key":"notebook/Aindree_Capstone_5cFznrPkW.ipynb","upload_id":"done","max_part_num":1},"usage":{"access_count":0,"last_accessor_id":"IBMid-5500085WXJ","last_access_time":1606659360609}}]}
